<project xsi:schemaLocation="http://maven.apache.org/POM/4.0.0 http://maven.apache.org/maven-v4_0_0.xsd" xmlns="http://maven.apache.org/POM/4.0.0" xmlns:xsi="http://www.w3.org/2001/XMLSchema-instance">
    <modelVersion>4.0.0</modelVersion>
    <groupId>net.java.jinput</groupId>
    <artifactId>examples-pom</artifactId>
    <packaging>jar</packaging>
    <name>JInput - example pom</name>
    <version>2.0.9</version>

    <repositories>
        <repository>
            <id>central-snapshots</id>
            <url>https://oss.sonatype.org/content/repositories/snapshots</url>
            <releases><enabled>false</enabled></releases>
            <snapshots><enabled>true</enabled></snapshots>
        </repository>
    </repositories>

    <properties>
        <project.build.sourceEncoding>UTF-8</project.build.sourceEncoding>
        <maven.compiler.source>8</maven.compiler.source>
        <maven.compiler.target>8</maven.compiler.target>
    </properties>

    <dependencies>
        <dependency>
            <groupId>net.java.jinput</groupId>
            <artifactId>jinput</artifactId>
            <version>${project.version}</version>
        </dependency>
        <dependency>
            <groupId>net.java.jinput</groupId>
            <artifactId>jinput</artifactId>
            <version>${project.version}</version>
            <classifier>natives-all</classifier>
        </dependency>
    </dependencies>

    <build>
        <plugins>
            <plugin>
                <groupId>com.googlecode.mavennatives</groupId>
                <artifactId>maven-nativedependencies-plugin</artifactId>
                <version>0.0.7</version>
                <executions>
                    <execution>
                        <id>unpacknatives</id>
                        <goals>
                            <goal>copy</goal>
                        </goals>
                    </execution>
                </executions>
            </plugin>
            <plugin>
                <groupId>org.codehaus.mojo</groupId>
                <artifactId>exec-maven-plugin</artifactId>
                <version>1.6.0</version>
                <executions>
                    <execution>
                        <goals>
                            <goal>exec</goal>
                        </goals>
                    </execution>
                </executions>
                <configuration>
                    <executable>java</executable>
                    <arguments>
                        <argument>-classpath</argument>
                        <classpath/>
                        <argument>-Djava.library.path=${project.build.directory}/natives</argument>
                        <argument>-Djinput.loglevel=OFF</argument>
                        <argument>net.java.games.input.example.ReadAllEvents</argument>
                    </arguments>
                </configuration>
            </plugin>
        </plugins>
    </build>
</project>